{"cameraMode":{"drawMode":0,"name":"Shaded","section":"Shading Mode"},"sceneLighting":false,"audioPlay":false,"sceneViewState":{"m_AlwaysRefresh":false,"showFog":true,"showSkybox":false,"showFlares":true,"showImageEffects":true,"showParticleSystems":true,"showVisualEffectGraphs":true,"m_FxEnabled":true},"in2DMode":false,"pivot":{"x":0.17150112986564637,"y":1.1079720258712769,"z":-0.014782249927520752},"rotation":{"x":0.01895902305841446,"y":-0.9758967757225037,"z":0.19610534608364106,"w":0.09425715357065201},"size":1.563500165939331,"orthographic":false}