{"cameraMode":{"drawMode":0,"name":"Shaded","section":"Shading Mode"},"sceneLighting":true,"audioPlay":false,"sceneViewState":{"m_AlwaysRefresh":false,"showFog":true,"showSkybox":true,"showFlares":true,"showImageEffects":true,"showParticleSystems":true,"showVisualEffectGraphs":true,"m_FxEnabled":true},"in2DMode":false,"pivot":{"x":2.257211685180664,"y":1.7006750106811524,"z":-15.068729400634766},"rotation":{"x":0.0011896933428943158,"y":-0.9949524998664856,"z":0.10064248740673065,"w":0.01040820311754942},"size":3.363499879837036,"orthographic":false}